Group_prediction,Count_品牌,Avg_价格
1,162,2840.850925925925
2,57,5667.3263157894735
0,201,1509.86776119403